global_step,update,step_in_update,reward,action_noisy,action_mean,value
1,1,0,0.9903927445411682,0.3891894817352295,0.0006935126148164272,-0.002326423302292824
2,1,1,0.9901303052902222,0.49730050563812256,0.0007133070612326264,-0.0023253897670656443
3,1,2,0.99058997631073,0.1323530077934265,0.000713731162250042,-0.002320296596735716
4,1,3,0.9904743432998657,-0.417268306016922,0.0007104444084689021,-0.00232194596901536
5,1,4,0.9905915856361389,-0.7449959516525269,0.0007187450537458062,-0.002320591825991869
6,1,5,0.9907224178314209,0.3268319368362427,0.0007107005221769214,-0.002320581581443548
7,1,6,0.9905439615249634,0.3780481517314911,0.0006963274208828807,-0.0023209904320538044
8,1,7,0.9906074404716492,0.14341554045677185,0.0006890514632686973,-0.0023199545685201883
9,1,8,0.990280270576477,0.18123766779899597,0.0006901612505316734,-0.002312020631507039
10,1,9,0.991457462310791,-0.26170551776885986,0.0006987487431615591,-0.002319582272320986
11,1,10,0.9910296201705933,-0.06545630842447281,0.0006922760512679815,-0.002314018551260233
12,1,11,0.9909089207649231,-0.5060105919837952,0.0007122339447960258,-0.0023156257811933756
13,1,12,0.990792453289032,-0.4363441467285156,0.0007186137372627854,-0.0023200693540275097
14,1,13,0.9897615313529968,-0.17882908880710602,0.0007181715918704867,-0.0023220747243613005
15,1,14,0.990718424320221,0.5593576431274414,0.0007147789001464844,-0.0023299676831811666
16,1,15,0.9903779029846191,-0.09830578416585922,0.0007238256512209773,-0.0023265122435986996
17,1,16,0.9903711080551147,0.4117961823940277,0.0006954899290576577,-0.00232757069170475
18,1,17,0.990917980670929,-0.13628070056438446,0.0007002610946074128,-0.0023317146115005016
19,1,18,0.9912241101264954,0.7085675597190857,0.000703047844581306,-0.0023305483628064394
20,1,19,0.9902653694152832,0.11491003632545471,0.0007048036204650998,-0.0023194632958620787
21,1,20,0.9900445342063904,0.2879578173160553,0.0007001562044024467,-0.002321866573765874
22,1,21,0.9906839728355408,-0.11832049489021301,0.0007068433333188295,-0.002313874429091811
23,1,22,0.9909511804580688,0.2918637692928314,0.0007110167061910033,-0.0023126499727368355
24,1,23,0.9911016821861267,0.21976551413536072,0.0007178392261266708,-0.0023164991289377213
25,1,24,0.9910640716552734,-0.12140709161758423,0.0007203886052593589,-0.0023187005426734686
26,1,25,0.9896973371505737,0.3120028078556061,0.000716493115760386,-0.002317686565220356
27,1,26,0.9901570081710815,0.2719258666038513,0.000689975218847394,-0.002322999993339181
28,1,27,0.9916550517082214,0.5212981104850769,0.000692595960572362,-0.002321738749742508
29,1,28,0.9900690317153931,-0.0559120699763298,0.0006951553514227271,-0.0023143491707742214
30,1,29,0.9905670285224915,-0.10100457072257996,0.000688212807290256,-0.002320685889571905
31,1,30,0.9901095628738403,-0.28335440158843994,0.000700373318977654,-0.002327866153791547
32,1,31,0.9908822774887085,0.0817224383354187,0.0007128502475097775,-0.0023271634709089994
33,1,32,0.9904865026473999,0.5386431217193604,0.0007192871998995543,-0.0023203743621706963
34,1,33,0.9902998208999634,-0.10196542739868164,0.0007089808350428939,-0.0023241008166223764
35,1,34,0.991423487663269,0.6666809916496277,0.0007128576980903745,-0.0023248582147061825
36,1,35,0.990551769733429,-0.3132883608341217,0.000715498928911984,-0.002315505174919963
37,1,36,0.9905538558959961,-0.8513162732124329,0.0006995144067332149,-0.0023276815190911293
38,1,37,0.9913745522499084,0.09183793514966965,0.0006955278804525733,-0.0023251506499946117
39,1,38,0.9901990294456482,0.16354581713676453,0.0006979807512834668,-0.002321337815374136
40,1,39,0.9893004298210144,-0.8774614334106445,0.0007062408840283751,-0.0023316810838878155
41,1,40,0.9911342263221741,0.2424280047416687,0.0006913349498063326,-0.0023339397739619017
42,1,41,0.9904418587684631,-0.0838974192738533,0.0007238393882289529,-0.0023287825752049685
43,1,42,0.990687906742096,-0.26560699939727783,0.0007107581477612257,-0.00232351734302938
44,1,43,0.9908932447433472,0.3338308036327362,0.0007128823781386018,-0.002319116611033678
45,1,44,0.9899554252624512,-0.4027043282985687,0.0007232647622004151,-0.0023274794220924377
46,1,45,0.99070805311203,-0.1845243126153946,0.0007132133468985558,-0.0023232921957969666
47,1,46,0.9904529452323914,0.1179090365767479,0.0006979387253522873,-0.00232578138820827
48,1,47,0.9906299114227295,-0.4147709906101227,0.0006992400158196688,-0.002327119465917349
49,1,48,0.9911654591560364,0.188918799161911,0.0007023306097835302,-0.0023296144790947437
50,1,49,0.9910017848014832,0.23683246970176697,0.0007032802095636725,-0.0023317625746130943
51,2,0,0.9910045266151428,-0.25503137707710266,-0.024660512804985046,0.017472565174102783
52,2,1,0.9914230704307556,-0.21079926192760468,-0.02466375008225441,0.017472565174102783
53,2,2,0.9907156825065613,0.37041816115379333,-0.024666678160429,0.017473597079515457
54,2,3,0.9906035661697388,0.08659284561872482,-0.024656055495142937,0.017473649233579636
55,2,4,0.9907472133636475,-0.05586250498890877,-0.02465595304965973,0.017474159598350525
56,2,5,0.9899210929870605,-0.11862919479608536,-0.02466735616326332,0.017475340515375137
57,2,6,0.9899979829788208,0.36455291509628296,-0.024664241820573807,0.017474083229899406
58,2,7,0.9913140535354614,-0.3221871256828308,-0.024659674614667892,0.01747402921319008
59,2,8,0.9900118708610535,-0.2703421115875244,-0.024656619876623154,0.01747235655784607
60,2,9,0.9907294511795044,-0.21521344780921936,-0.024671364575624466,0.017473546788096428
61,2,10,0.991657555103302,-0.7583834528923035,-0.024676121771335602,0.01747506484389305
62,2,11,0.9914650321006775,-0.13599909842014313,-0.024668803438544273,0.01747499592602253
63,2,12,0.9906942844390869,-0.18497958779335022,-0.024674898013472557,0.01747552864253521
64,2,13,0.9900462031364441,-0.18024039268493652,-0.02466670051217079,0.01747548207640648
65,2,14,0.9902925491333008,-0.27367541193962097,-0.024656906723976135,0.017473801970481873
66,2,15,0.9911971092224121,0.6340667605400085,-0.024663493037223816,0.017475122585892677
67,2,16,0.9907830357551575,-0.41082891821861267,-0.024656737223267555,0.017474301159381866
68,2,17,0.9906949996948242,-0.5602850317955017,-0.024657033383846283,0.017474399879574776
69,2,18,0.9909107685089111,-0.3341612219810486,-0.024674072861671448,0.01747458055615425
70,2,19,0.9916027188301086,-0.36871862411499023,-0.0246688611805439,0.017474045976996422
71,2,20,0.990564227104187,-0.1432943344116211,-0.02466364949941635,0.01747453771531582
72,2,21,0.989334762096405,0.20141461491584778,-0.024649571627378464,0.01747158169746399
73,2,22,0.9905143976211548,-0.7036612629890442,-0.02466209977865219,0.017472531646490097
74,2,23,0.9900665283203125,0.2956448495388031,-0.024659089744091034,0.017473917454481125
75,2,24,0.9907839298248291,-0.7800044417381287,-0.024663295596837997,0.017474738880991936
76,2,25,0.9905487895011902,-0.05822649598121643,-0.024657949805259705,0.017474764958024025
77,2,26,0.9906801581382751,0.3892609477043152,-0.024663399904966354,0.017474975436925888
78,2,27,0.9900119304656982,0.2533673048019409,-0.024650651961565018,0.0174732469022274
79,2,28,0.9912950992584229,-0.43863803148269653,-0.02466426230967045,0.01747279427945614
80,2,29,0.9910987019538879,0.14100173115730286,-0.024657167494297028,0.017473801970481873
81,2,30,0.9909873008728027,-0.2695302367210388,-0.024654807522892952,0.017472632229328156
82,2,31,0.9908073544502258,0.23500768840312958,-0.02466714009642601,0.017474159598350525
83,2,32,0.9903197288513184,0.15071150660514832,-0.02466389164328575,0.01747399941086769
84,2,33,0.9913276433944702,0.25542598962783813,-0.024662557989358902,0.017474964261054993
85,2,34,0.9904847145080566,0.17531190812587738,-0.024664778262376785,0.01747577078640461
86,2,35,0.9900779128074646,-0.03932531923055649,-0.024659402668476105,0.01747458428144455
87,2,36,0.9912746548652649,-0.28452932834625244,-0.02465711161494255,0.017474455758929253
88,2,37,0.9899693727493286,0.1151125431060791,-0.02466295287013054,0.017475316300988197
89,2,38,0.9917693734169006,0.34233391284942627,-0.024664081633090973,0.017473610118031502
90,2,39,0.9906607270240784,0.2770704925060272,-0.024676034227013588,0.017475854605436325
91,2,40,0.9905856847763062,0.4523424804210663,-0.024678505957126617,0.01747606135904789
92,2,41,0.9904036521911621,-1.0,-0.02467505633831024,0.017474306747317314
93,2,42,0.991497814655304,-0.6705071330070496,-0.02466830238699913,0.017474593594670296
94,2,43,0.9910554885864258,-0.1531495302915573,-0.024665899574756622,0.017475847154855728
95,2,44,0.9896979331970215,0.35473671555519104,-0.02466382458806038,0.017475171014666557
96,2,45,0.9908268451690674,0.7871209979057312,-0.024670835584402084,0.017475401982665062
97,2,46,0.9902383685112,-0.4240948259830475,-0.024667102843523026,0.017475586384534836
98,2,47,0.989893913269043,-0.34316712617874146,-0.024664001539349556,0.017475131899118423
99,2,48,0.9900787472724915,0.03869542106986046,-0.024672575294971466,0.017475031316280365
100,2,49,0.9907242655754089,-0.09602594375610352,-0.024671604856848717,0.017474643886089325
101,3,0,0.9910178184509277,-0.06166481971740723,-0.045635394752025604,0.036206118762493134
102,3,1,0.9910843968391418,-0.5980214476585388,-0.045623838901519775,0.036203913390636444
103,3,2,0.9904793500900269,0.15974581241607666,-0.04561810567975044,0.0362045094370842
104,3,3,0.9910111427307129,0.19569388031959534,-0.04561932012438774,0.0362040176987648
105,3,4,0.9902308583259583,-0.4620915651321411,-0.04561818391084671,0.03620447218418121
106,3,5,0.9899071455001831,-0.11329847574234009,-0.045624807476997375,0.0362052321434021
107,3,6,0.9893466830253601,-0.37421852350234985,-0.04562385752797127,0.036204539239406586
108,3,7,0.9919445514678955,-0.10669223219156265,-0.0456235446035862,0.03620315343141556
109,3,8,0.9895415306091309,-0.48379582166671753,-0.04561997950077057,0.036203451454639435
110,3,9,0.9906826019287109,0.13363854587078094,-0.0456247515976429,0.03620324656367302
111,3,10,0.9913657903671265,0.18047462403774261,-0.045618921518325806,0.03620259463787079
112,3,11,0.9910412430763245,0.22715044021606445,-0.0456157848238945,0.03620219603180885
113,3,12,0.9908900856971741,-0.23043711483478546,-0.04561159014701843,0.03620314225554466
114,3,13,0.9904799461364746,-0.40016576647758484,-0.04560750722885132,0.03620227798819542
115,3,14,0.9900863170623779,0.3443495035171509,-0.04560749977827072,0.03620191663503647
116,3,15,0.9909394383430481,0.2803151309490204,-0.045609064400196075,0.03620143607258797
117,3,16,0.9895177483558655,0.4414794445037842,-0.04562282934784889,0.03620435297489166
118,3,17,0.991235077381134,-0.7271273136138916,-0.04562576860189438,0.03620307892560959
119,3,18,0.9908448457717896,-0.08060994744300842,-0.045622728765010834,0.03620314598083496
120,3,19,0.9895420670509338,-0.33055588603019714,-0.04562131315469742,0.03620317205786705
121,3,20,0.9887852668762207,-0.44274279475212097,-0.04562975466251373,0.036203354597091675
122,3,21,0.9910053610801697,-0.40321269631385803,-0.04562146216630936,0.036202896386384964
123,3,22,0.9897655248641968,0.09622754156589508,-0.04561343044042587,0.036203231662511826
124,3,23,0.9914430975914001,0.42257657647132874,-0.04562123864889145,0.03620452433824539
125,3,24,0.9916558861732483,-0.0652712732553482,-0.04562552273273468,0.03620566427707672
126,3,25,0.9905821681022644,0.11755034327507019,-0.04561853036284447,0.03620421141386032
127,3,26,0.9912415742874146,-0.39667871594429016,-0.04561683535575867,0.03620373457670212
128,3,27,0.9909823536872864,-0.35092514753341675,-0.04562516510486603,0.036203861236572266
129,3,28,0.9905164241790771,-0.025185950100421906,-0.0456261932849884,0.03620408475399017
130,3,29,0.9893388748168945,0.3068690299987793,-0.04564110189676285,0.036206651479005814
131,3,30,0.9903402924537659,0.08636130392551422,-0.045640066266059875,0.03620632737874985
132,3,31,0.9909173250198364,-0.4004691541194916,-0.045638956129550934,0.036206670105457306
133,3,32,0.990787923336029,-0.0415472686290741,-0.04562799632549286,0.03620615601539612
134,3,33,0.9910574555397034,-0.44540879130363464,-0.04562433063983917,0.03620459884405136
135,3,34,0.9910415410995483,0.5444154739379883,-0.045619089156389236,0.03620479628443718
136,3,35,0.9907302260398865,-0.4110727906227112,-0.04561404138803482,0.03620343282818794
137,3,36,0.9906291961669922,-0.2226094752550125,-0.04561055451631546,0.03620170056819916
138,3,37,0.9912912845611572,0.0822494849562645,-0.04561936482787132,0.03620218113064766
139,3,38,0.9894080758094788,-0.11793021857738495,-0.045619040727615356,0.03620339557528496
140,3,39,0.9901571869850159,-0.408559650182724,-0.045622438192367554,0.036202479153871536
141,3,40,0.9906736612319946,0.30397263169288635,-0.04561978578567505,0.03620181977748871
142,3,41,0.9906103610992432,0.46883639693260193,-0.04561697691679001,0.03620203956961632
143,3,42,0.9905505776405334,0.43781134486198425,-0.04561278969049454,0.03620311990380287
144,3,43,0.9908872246742249,-0.06496726721525192,-0.045621905475854874,0.036204151809215546
145,3,44,0.9898375868797302,-0.4872313439846039,-0.04562285169959068,0.03620497137308121
146,3,45,0.9909109473228455,0.5216611623764038,-0.04562325030565262,0.03620452433824539
147,3,46,0.9897616505622864,-0.2147739827632904,-0.0456216037273407,0.036204658448696136
148,3,47,0.9911306500434875,-0.5526355504989624,-0.04563063010573387,0.036203980445861816
149,3,48,0.9906244277954102,0.18418748676776886,-0.04561992734670639,0.03620342165231705
150,3,49,0.9901770353317261,-0.0788903683423996,-0.04562535136938095,0.036203376948833466
151,4,0,0.9905184507369995,0.22808043658733368,-0.06925864517688751,0.056370679289102554
152,4,1,0.9900603890419006,-0.1193469688296318,-0.06925874948501587,0.05637211352586746
153,4,2,0.9910999536514282,-0.04169744998216629,-0.06925643980503082,0.05637292191386223
154,4,3,0.9902439713478088,0.3244299292564392,-0.06925489753484726,0.05637294054031372
155,4,4,0.9903410077095032,-0.3291228115558624,-0.06925489008426666,0.056372664868831635
156,4,5,0.9910684823989868,-0.14980730414390564,-0.06926782429218292,0.056375473737716675
157,4,6,0.9902008771896362,-0.062179479748010635,-0.06926358491182327,0.05637321248650551
158,4,7,0.9902593493461609,0.06318951398134232,-0.06926292181015015,0.05637230724096298
159,4,8,0.9900086522102356,-0.5138629674911499,-0.06926152110099792,0.0563720241189003
160,4,9,0.9919401407241821,-0.010372866876423359,-0.0692644715309143,0.05637262761592865
161,4,10,0.9910635352134705,0.7132265567779541,-0.06926622986793518,0.05637342855334282
162,4,11,0.9910814762115479,0.11497724801301956,-0.06925910711288452,0.0563729852437973
163,4,12,0.9912348389625549,0.04082849621772766,-0.06926286220550537,0.05637494847178459
164,4,13,0.9907669425010681,-0.4827246069908142,-0.06926348805427551,0.05637461319565773
165,4,14,0.990787148475647,-0.4345758259296417,-0.06926046311855316,0.05637367069721222
166,4,15,0.9907528162002563,-0.0027145445346832275,-0.0692601427435875,0.05637502670288086
167,4,16,0.9901121854782104,0.031012138351798058,-0.06926026940345764,0.056373629719018936
168,4,17,0.9910204410552979,0.09208857268095016,-0.06927064061164856,0.05637459456920624
169,4,18,0.9895443916320801,0.1943359673023224,-0.06926821172237396,0.056373585015535355
170,4,19,0.9914188981056213,-0.1651366949081421,-0.06927356123924255,0.0563741996884346
171,4,20,0.9914607405662537,0.11186046153306961,-0.0692661702632904,0.056373901665210724
172,4,21,0.9909245371818542,0.3293225169181824,-0.0692560076713562,0.05637141317129135
173,4,22,0.9904062747955322,-0.1521194577217102,-0.06924422830343246,0.05637048929929733
174,4,23,0.9907357692718506,-0.4103614389896393,-0.06925497949123383,0.0563727542757988
175,4,24,0.9908742904663086,0.21792203187942505,-0.0692533552646637,0.05637205019593239
176,4,25,0.9910832643508911,0.19455839693546295,-0.06924859434366226,0.05637091025710106
177,4,26,0.9906925559043884,0.2119850367307663,-0.06925281882286072,0.05637109652161598
178,4,27,0.9909868240356445,-0.03641091287136078,-0.06925584375858307,0.05637145787477493
179,4,28,0.9908918738365173,-0.09989575296640396,-0.06925296783447266,0.05637004226446152
180,4,29,0.990467369556427,0.7874594330787659,-0.06926067173480988,0.05637180805206299
181,4,30,0.9903980493545532,0.045202821493148804,-0.0692596435546875,0.05637171119451523
182,4,31,0.9905977845191956,0.14929217100143433,-0.06925149261951447,0.05637021362781525
183,4,32,0.990172803401947,0.054881446063518524,-0.06924879550933838,0.05637073516845703
184,4,33,0.9911152720451355,-0.7723880410194397,-0.06924578547477722,0.056370314210653305
185,4,34,0.9905102849006653,-0.6950220465660095,-0.06924761831760406,0.05637151747941971
186,4,35,0.9910500645637512,-0.26684272289276123,-0.06924566626548767,0.056370705366134644
187,4,36,0.990970253944397,-0.43895307183265686,-0.06924177706241608,0.056369394063949585
188,4,37,0.9912832975387573,-0.21904905140399933,-0.069247305393219,0.05636952817440033
189,4,38,0.9908535480499268,0.2725440263748169,-0.06925226747989655,0.05637061595916748
190,4,39,0.990607500076294,-0.5576007962226868,-0.06925716996192932,0.0563708059489727
191,4,40,0.990364670753479,-0.07844077795743942,-0.06926374137401581,0.056372325867414474
192,4,41,0.9906327128410339,0.07203897088766098,-0.06925072520971298,0.05637163296341896
193,4,42,0.9902513027191162,0.3056643009185791,-0.06923767924308777,0.05636927857995033
194,4,43,0.9913977980613708,-0.0863616093993187,-0.06923924386501312,0.05636802688241005
195,4,44,0.9899904131889343,0.3744778037071228,-0.06923928111791611,0.05636906623840332
196,4,45,0.9905542135238647,-0.395015150308609,-0.06924982368946075,0.05637112632393837
197,4,46,0.990395188331604,0.9684459567070007,-0.06925730407238007,0.05637228488922119
198,4,47,0.9895371794700623,-0.44528108835220337,-0.06925812363624573,0.05637097731232643
199,4,48,0.9898501634597778,0.16216067969799042,-0.06926047801971436,0.05637077987194061
200,4,49,0.9911152720451355,-0.5105558633804321,-0.0692635253071785,0.056372225284576416
201,5,0,0.9908226728439331,-0.30245333909988403,-0.053899869322776794,0.07809795439243317
202,5,1,0.990339457988739,-0.02093750610947609,-0.05389542877674103,0.07809892296791077
203,5,2,0.9901913404464722,-0.09851875901222229,-0.05388598516583443,0.07809621095657349
204,5,3,0.9912394881248474,0.40908706188201904,-0.05388840660452843,0.0780985951423645
205,5,4,0.9906363487243652,0.29040300846099854,-0.05390063300728798,0.07810130715370178
206,5,5,0.9909969568252563,-0.1958266943693161,-0.05390099436044693,0.07810232043266296
207,5,6,0.9920119643211365,-0.08185037970542908,-0.05390261858701706,0.07810088992118835
208,5,7,0.9909555315971375,-0.2571869194507599,-0.053906090557575226,0.0781012699007988
209,5,8,0.9904989004135132,-0.11609941720962524,-0.05390553176403046,0.07809996604919434
210,5,9,0.9899991750717163,0.426983505487442,-0.05390911176800728,0.07810106873512268
211,5,10,0.9914473295211792,-0.6667597889900208,-0.05390143394470215,0.07809895277023315
212,5,11,0.9909225106239319,-0.4360036551952362,-0.05389782041311264,0.07810103893280029
213,5,12,0.9897668361663818,-0.1714300960302353,-0.05389759689569473,0.07810075581073761
214,5,13,0.9904647469520569,-0.3742780089378357,-0.053902365267276764,0.07810191810131073
215,5,14,0.990107536315918,0.5288801789283752,-0.053896091878414154,0.07810075581073761
216,5,15,0.9905406832695007,-0.40931540727615356,-0.05389978736639023,0.0781005248427391
217,5,16,0.9910312294960022,0.11038702726364136,-0.05390462279319763,0.07810050249099731
218,5,17,0.990490198135376,0.16381922364234924,-0.05390273779630661,0.07810056209564209
219,5,18,0.990973711013794,-0.21098577976226807,-0.0539049431681633,0.07809939235448837
220,5,19,0.9894606471061707,-0.008438595570623875,-0.05390148609876633,0.07809977978467941
221,5,20,0.9905288815498352,-0.3346115052700043,-0.05390506982803345,0.07809949666261673
222,5,21,0.9908486604690552,-0.3788435459136963,-0.05389925464987755,0.07809995114803314
223,5,22,0.9900515675544739,-0.11835958808660507,-0.05389295518398285,0.07809921354055405
224,5,23,0.9904695749282837,-0.2502855956554413,-0.053892992436885834,0.07809819281101227
225,5,24,0.9904009699821472,-0.3056982159614563,-0.05389537289738655,0.07810035347938538
226,5,25,0.9900944828987122,-0.6653760075569153,-0.05389374494552612,0.07809913158416748
227,5,26,0.9901895523071289,-0.08935532718896866,-0.053894590586423874,0.07809743285179138
228,5,27,0.9899254441261292,-0.12072962522506714,-0.05390355736017227,0.07810016721487045
229,5,28,0.9893868565559387,-0.6145127415657043,-0.0539063960313797,0.07810018956661224
230,5,29,0.9914820194244385,-0.2818184792995453,-0.05390867218375206,0.07810048758983612
231,5,30,0.9913435578346252,0.25894880294799805,-0.053902655839920044,0.07810080051422119
232,5,31,0.9907175898551941,-0.07170158624649048,-0.05390555411577225,0.07810226827859879
233,5,32,0.9904227256774902,-0.6417151093482971,-0.053898781538009644,0.07810106128454208
234,5,33,0.9902967810630798,0.6107058525085449,-0.053890664130449295,0.07809903472661972
235,5,34,0.9916241765022278,0.1387552171945572,-0.05389505624771118,0.0781000554561615
236,5,35,0.9910526871681213,-0.11270055174827576,-0.053901948034763336,0.07810238003730774
237,5,36,0.9902536869049072,-0.3611123859882355,-0.05390406399965286,0.07810060679912567
238,5,37,0.9908839464187622,0.3391905725002289,-0.053911902010440826,0.07810264825820923
239,5,38,0.9905865788459778,0.03551265597343445,-0.053903728723526,0.07810047268867493
240,5,39,0.9910862445831299,0.41319841146469116,-0.053906023502349854,0.07810097932815552
241,5,40,0.9894231557846069,-0.14838652312755585,-0.05390191823244095,0.0780993327498436
242,5,41,0.9910783767700195,-0.18130405247211456,-0.05389269441366196,0.0780978798866272
243,5,42,0.9905880093574524,-0.422415167093277,-0.0539001002907753,0.07810167968273163
244,5,43,0.9900240898132324,0.28683289885520935,-0.05389399081468582,0.07810050249099731
245,5,44,0.9904066920280457,0.16954948008060455,-0.0539025142788887,0.07810157537460327
246,5,45,0.9899570345878601,0.19716759026050568,-0.05389917641878128,0.07810231298208237
247,5,46,0.9900680184364319,-0.38654178380966187,-0.05391319468617439,0.07810258120298386
248,5,47,0.9909000396728516,-0.3807968497276306,-0.05390831083059311,0.07810187339782715
249,5,48,0.9902292490005493,-0.2352241575717926,-0.0539117231965065,0.07810302823781967
250,5,49,0.9914876222610474,-0.4813450872898102,-0.05390755832195282,0.07810119539499283
251,6,0,0.9903416037559509,0.09854863584041595,-0.025699816644191742,0.10171353071928024
252,6,1,0.9907140135765076,-0.2151879072189331,-0.025699354708194733,0.1017136350274086
253,6,2,0.9905737638473511,0.29024654626846313,-0.025691254064440727,0.10171271115541458
254,6,3,0.9905624389648438,-0.5274452567100525,-0.025689581409096718,0.10170985013246536
255,6,4,0.9906229376792908,-0.44919106364250183,-0.025689581409096718,0.10171043127775192
256,6,5,0.9910473227500916,-0.18851087987422943,-0.025688456371426582,0.10170716792345047
257,6,6,0.9895578622817993,0.5357488393783569,-0.02569270320236683,0.10170753300189972
258,6,7,0.9897412061691284,-0.06577438861131668,-0.025695785880088806,0.1017088070511818
259,6,8,0.9906271696090698,0.3003494441509247,-0.02569548413157463,0.10170799493789673
260,6,9,0.990479052066803,-0.039463676512241364,-0.02569461427628994,0.10171060264110565
261,6,10,0.9910474419593811,-0.7082058787345886,-0.025694619864225388,0.10170955210924149
262,6,11,0.9908336400985718,-0.239055797457695,-0.025693144649267197,0.1017119437456131
263,6,12,0.9907482862472534,-0.4814927577972412,-0.025692258030176163,0.10171215236186981
264,6,13,0.9901204705238342,-0.2719492018222809,-0.025690315291285515,0.10171008855104446
265,6,14,0.9912967085838318,-0.2036811262369156,-0.025691721588373184,0.10171128064393997
266,6,15,0.990814208984375,0.7956312298774719,-0.025694414973258972,0.10171244293451309
267,6,16,0.9920530319213867,0.06523551791906357,-0.025697726756334305,0.10171136260032654
268,6,17,0.99043208360672,0.053651612251996994,-0.025696055963635445,0.10171124339103699
269,6,18,0.9903020858764648,0.13132916390895844,-0.025694746524095535,0.10170932859182358
270,6,19,0.9911091327667236,0.4774934649467468,-0.025701124221086502,0.10171324014663696
271,6,20,0.9902480840682983,-0.3496042788028717,-0.025699889287352562,0.10171157121658325
272,6,21,0.9898169040679932,0.6328582763671875,-0.02569659799337387,0.10171143710613251
273,6,22,0.9908396005630493,0.6879008412361145,-0.02569473907351494,0.10171312838792801
274,6,23,0.9900364875793457,0.4249543249607086,-0.02569090947508812,0.10171176493167877
275,6,24,0.9901919960975647,-0.36966100335121155,-0.025692284107208252,0.10171033442020416
276,6,25,0.9904433488845825,0.05325610935688019,-0.025693971663713455,0.10171186923980713
277,6,26,0.9904612898826599,0.1931261420249939,-0.02569563314318657,0.10170898586511612
278,6,27,0.9918527603149414,-0.05090684816241264,-0.025697745382785797,0.10171059519052505
279,6,28,0.9892913103103638,0.09184277057647705,-0.025694232434034348,0.10171065479516983
280,6,29,0.9903594255447388,0.07917899638414383,-0.025699883699417114,0.10171090811491013
281,6,30,0.9905411005020142,-0.45922762155532837,-0.025697067379951477,0.10171082615852356
282,6,31,0.9897417426109314,-0.10353515297174454,-0.025696903467178345,0.10171376168727875
283,6,32,0.9905753135681152,0.06274319440126419,-0.025692006573081017,0.10170898586511612
284,6,33,0.9910504221916199,-0.7587485909461975,-0.025694670155644417,0.101712167263031
285,6,34,0.9901670217514038,0.03422630578279495,-0.025693301111459732,0.10171274840831757
286,6,35,0.9913967251777649,-0.6544220447540283,-0.02569332718849182,0.10171207785606384
287,6,36,0.9905742406845093,-0.17706049978733063,-0.02570198103785515,0.10171405971050262
288,6,37,0.9912014007568359,-0.6633052229881287,-0.025699056684970856,0.10171400010585785
289,6,38,0.9902109503746033,-0.23744834959506989,-0.025702379643917084,0.10171382129192352
290,6,39,0.99006587266922,0.1508888304233551,-0.025698363780975342,0.1017119362950325
291,6,40,0.9902013540267944,-0.16137073934078217,-0.02570289745926857,0.101714588701725
292,6,41,0.9908127188682556,0.5066996216773987,-0.025700338184833527,0.10171466320753098
293,6,42,0.9902864098548889,-0.2712540030479431,-0.02569751814007759,0.10171583294868469
294,6,43,0.9914469718933105,0.4396449029445648,-0.025696273893117905,0.10171274095773697
295,6,44,0.9900228977203369,0.14595703780651093,-0.025701060891151428,0.10171589255332947
296,6,45,0.9909011721611023,-0.07134055346250534,-0.025696206837892532,0.10171277076005936
297,6,46,0.9911448359489441,-0.610485315322876,-0.025700349360704422,0.10171478986740112
298,6,47,0.9908281564712524,0.20999468863010406,-0.025703806430101395,0.10171529650688171
299,6,48,0.9900968670845032,-0.6898321509361267,-0.025695469230413437,0.10171017795801163
300,6,49,0.9903296232223511,0.10519281774759293,-0.025698743760585785,0.10171177983283997
301,7,0,0.9907369017601013,-0.7164484262466431,1.6554200556129217e-05,0.12812241911888123
302,7,1,0.991471529006958,-0.04987068846821785,1.5045690815895796e-05,0.1281268149614334
303,7,2,0.9904069304466248,0.4196823537349701,1.400848850607872e-05,0.12812893092632294
304,7,3,0.9908143877983093,-0.07669195532798767,1.3791839592158794e-05,0.12812823057174683
305,7,4,0.9902321696281433,-0.02064904011785984,1.5876488760113716e-05,0.12812663614749908
306,7,5,0.9902704358100891,0.328253835439682,1.3594632036983967e-05,0.1281273066997528
307,7,6,0.9907647967338562,-0.22611790895462036,1.477129990234971e-05,0.12812493741512299
308,7,7,0.9901566505432129,0.1890392303466797,9.04453918337822e-06,0.1281319260597229
309,7,8,0.9905118942260742,-0.1092919185757637,1.2910924851894379e-05,0.12812653183937073
310,7,9,0.9900279641151428,-0.27329543232917786,9.09389927983284e-06,0.12813091278076172
311,7,10,0.9896779656410217,-0.28263911604881287,9.326147846877575e-06,0.12813080847263336
312,7,11,0.9912307262420654,-0.16204063594341278,8.57701525092125e-06,0.12813343107700348
313,7,12,0.9911141991615295,-0.06682568043470383,1.0792049579322338e-05,0.12813210487365723
314,7,13,0.9908154010772705,0.23827914893627167,8.382485248148441e-06,0.12813523411750793
315,7,14,0.9906610250473022,-0.32306912541389465,1.1216674465686083e-05,0.12813153862953186
316,7,15,0.9907240271568298,0.3418219983577728,1.017347676679492e-05,0.12813328206539154
317,7,16,0.9912484884262085,0.27994483709335327,1.044088276103139e-05,0.12812943756580353
318,7,17,0.9908232092857361,-0.0758838877081871,1.0493677109479904e-05,0.12812934815883636
319,7,18,0.9910150170326233,-0.016724729910492897,6.4526102505624294e-06,0.12813439965248108
320,7,19,0.9913229942321777,0.26658302545547485,1.2948468793183565e-05,0.1281271129846573
321,7,20,0.9910300374031067,0.017829090356826782,9.221897926181555e-06,0.12813246250152588
322,7,21,0.9901139140129089,0.056876879185438156,8.696108125150204e-06,0.1281346082687378
323,7,22,0.9904918074607849,0.05701834708452225,1.0544550605118275e-05,0.12813153862953186
324,7,23,0.9904606938362122,0.11231087148189545,1.1154566891491413e-05,0.12813186645507812
325,7,24,0.9903205037117004,0.3294030725955963,1.0358693543821573e-05,0.12813231348991394
326,7,25,0.9911128282546997,0.22772778570652008,9.595940355211496e-06,0.12813232839107513
327,7,26,0.991498589515686,-0.5535231232643127,1.229369081556797e-05,0.12812761962413788
328,7,27,0.9915422797203064,0.2917816936969757,1.2954114936292171e-05,0.12812747061252594
329,7,28,0.9894671440124512,0.5924332141876221,8.650706149637699e-06,0.12813322246074677
330,7,29,0.9911924600601196,-0.21739628911018372,7.214315701276064e-06,0.12813284993171692
331,7,30,0.9904106259346008,-0.584685206413269,1.223845174536109e-05,0.12812766432762146
332,7,31,0.9906432628631592,0.3274860978126526,1.1090480256825686e-05,0.1281300187110901
333,7,32,0.9903213381767273,-0.7461434602737427,8.45314934849739e-06,0.12813404202461243
334,7,33,0.9904633164405823,0.3829668164253235,9.82463825494051e-06,0.12813273072242737
335,7,34,0.9905680418014526,0.11867155134677887,7.989525329321623e-06,0.12813451886177063
336,7,35,0.9894772171974182,0.29408594965934753,1.3635260984301567e-05,0.12812796235084534
337,7,36,0.9906134605407715,-0.26369255781173706,3.987166564911604e-06,0.12813706696033478
338,7,37,0.991041898727417,-0.6081504225730896,7.800699677318335e-06,0.12813329696655273
339,7,38,0.990321695804596,0.09226741641759872,6.996444426476955e-06,0.12813466787338257
340,7,39,0.9914612770080566,0.22766467928886414,9.939481969922781e-06,0.1281318962574005
341,7,40,0.9911323189735413,-0.24939225614070892,1.1489959433674812e-05,0.12813012301921844
342,7,41,0.9910187721252441,0.08151000738143921,7.777649443596601e-06,0.1281372308731079
343,7,42,0.9905891418457031,0.040096476674079895,6.044632755219936e-06,0.12813811004161835
344,7,43,0.9904273152351379,0.36547592282295227,9.185285307466984e-06,0.12813541293144226
345,7,44,0.9904003143310547,-0.27990326285362244,9.498675353825092e-06,0.12813393771648407
346,7,45,0.9915499687194824,-0.28543251752853394,7.121940143406391e-06,0.12813730537891388
347,7,46,0.9904771447181702,-0.32623255252838135,8.904957212507725e-06,0.128132626414299
348,7,47,0.9916136264801025,0.166364848613739,6.978283636271954e-06,0.12813431024551392
349,7,48,0.9908613562583923,0.24692390859127045,6.756279617547989e-06,0.12813591957092285
350,7,49,0.99080890417099,0.2041761726140976,8.69587529450655e-06,0.12813158333301544
351,8,0,0.9907315969467163,-0.4303874373435974,0.007411170285195112,0.157842755317688
352,8,1,0.9901633858680725,0.1968865692615509,0.007411170285195112,0.15784133970737457
353,8,2,0.9910879135131836,0.7689930200576782,0.007411170285195112,0.15784235298633575
354,8,3,0.9903835654258728,-1.0,0.007411170285195112,0.1578420102596283
355,8,4,0.9906753897666931,0.3111569285392761,0.007411170285195112,0.1578381061553955
356,8,5,0.9902054071426392,-0.30569133162498474,0.007411170285195112,0.15784181654453278
357,8,6,0.9913831949234009,-0.12696237862110138,0.007411170285195112,0.15783733129501343
358,8,7,0.991079568862915,0.04140804335474968,0.007411170285195112,0.15784390270709991
359,8,8,0.9905993938446045,0.49271947145462036,0.007411170285195112,0.15784096717834473
360,8,9,0.9906967282295227,0.391547828912735,0.007411170285195112,0.15783894062042236
361,8,10,0.9900779724121094,-0.36717739701271057,0.007411170285195112,0.1578386425971985
362,8,11,0.9899086952209473,-0.07880184799432755,0.007411170285195112,0.15784083306789398
363,8,12,0.9904024600982666,0.47749650478363037,0.007411170285195112,0.15784531831741333
364,8,13,0.990414559841156,0.19509001076221466,0.007411170285195112,0.15784654021263123
365,8,14,0.9902048110961914,-0.34522104263305664,0.007411170285195112,0.15784631669521332
366,8,15,0.9905560612678528,0.3233143985271454,0.007411170285195112,0.15784460306167603
367,8,16,0.9904568195343018,0.10779305547475815,0.007411170285195112,0.15784454345703125
368,8,17,0.9898093342781067,-0.04862392693758011,0.007411170285195112,0.1578429937362671
369,8,18,0.9898441433906555,-0.2699372172355652,0.007411170285195112,0.1578429639339447
370,8,19,0.9910513758659363,0.27333223819732666,0.007411170285195112,0.1578427255153656
371,8,20,0.9901127219200134,0.4370856285095215,0.007411170285195112,0.15784481167793274
372,8,21,0.990115761756897,-0.4766472280025482,0.007411170285195112,0.1578444540500641
373,8,22,0.9894212484359741,-0.06462227553129196,0.007411170285195112,0.15785229206085205
374,8,23,0.9904227256774902,-0.16536490619182587,0.007411170285195112,0.15784481167793274
375,8,24,0.9910648465156555,-0.034772586077451706,0.007411170285195112,0.15784341096878052
376,8,25,0.9902218580245972,-0.3229762315750122,0.007411170285195112,0.15784168243408203
377,8,26,0.9910275340080261,-0.6246128678321838,0.007411170285195112,0.15784579515457153
378,8,27,0.991092324256897,0.22187940776348114,0.007411170285195112,0.1578441560268402
379,8,28,0.9894243478775024,0.45252102613449097,0.007411170285195112,0.15784552693367004
380,8,29,0.9895702004432678,0.8324745893478394,0.007411170285195112,0.1578407883644104
381,8,30,0.9907194972038269,0.1327158659696579,0.007411170285195112,0.1578405797481537
382,8,31,0.991203784942627,-0.06685587763786316,0.007411170285195112,0.15784306824207306
383,8,32,0.9902246594429016,0.6717666983604431,0.007411170285195112,0.15784263610839844
384,8,33,0.9907500743865967,0.223354771733284,0.007411170285195112,0.1578405499458313
385,8,34,0.9911422729492188,-0.05996755510568619,0.007411170285195112,0.15783551335334778
386,8,35,0.9909133911132812,-0.33540743589401245,0.007411170285195112,0.15784019231796265
387,8,36,0.9905608296394348,-0.06464523077011108,0.007411170285195112,0.1578425019979477
388,8,37,0.9907590746879578,-0.03947227820754051,0.007411170285195112,0.15784552693367004
389,8,38,0.9903537631034851,-0.5224177241325378,0.007411170285195112,0.15784265100955963
390,8,39,0.9912320971488953,0.33751025795936584,0.007411170285195112,0.15784546732902527
391,8,40,0.991496205329895,-0.8132838606834412,0.007411170285195112,0.15784291923046112
392,8,41,0.9905188083648682,-0.5895536541938782,0.007411170285195112,0.15783828496932983
393,8,42,0.9907318949699402,-0.07888641953468323,0.007411170285195112,0.1578405648469925
394,8,43,0.9908646941184998,0.05644100904464722,0.007411170285195112,0.15784253180027008
395,8,44,0.9903414845466614,0.570090115070343,0.007411170285195112,0.15784353017807007
396,8,45,0.9902030229568481,-0.0315609909594059,0.007411170285195112,0.15784373879432678
397,8,46,0.9898356795310974,0.28785717487335205,0.007411170285195112,0.15783558785915375
398,8,47,0.9909921884536743,-0.07709304243326187,0.007411170285195112,0.15783151984214783
399,8,48,0.9914124011993408,0.594911515712738,0.007411170285195112,0.15783749520778656
400,8,49,0.9910032153129578,0.42559975385665894,0.007411170285195112,0.15784169733524323
401,9,0,0.9902569055557251,-0.13261209428310394,-0.00034422636963427067,0.19065362215042114
402,9,1,0.9905886054039001,-0.03908369690179825,-0.00034422636963427067,0.19065147638320923
403,9,2,0.9904611110687256,0.17537814378738403,-0.00034422636963427067,0.19065003097057343
404,9,3,0.9899079203605652,-0.19290131330490112,-0.00034422636963427067,0.1906517595052719
405,9,4,0.991040050983429,-0.3775756061077118,-0.00034422636963427067,0.19065828621387482
406,9,5,0.990231990814209,0.5064470767974854,-0.00034422636963427067,0.19065672159194946
407,9,6,0.9914226531982422,-0.26573696732521057,-0.00034422636963427067,0.1906556487083435
408,9,7,0.9914835095405579,-0.11265791207551956,-0.00034422636963427067,0.1906610131263733
409,9,8,0.990109920501709,-0.5338848829269409,-0.00034422636963427067,0.1906525194644928
410,9,9,0.9912771582603455,0.26849231123924255,-0.00034422636963427067,0.19065138697624207
411,9,10,0.9901998043060303,0.06062183901667595,-0.00034422636963427067,0.1906566321849823
412,9,11,0.9901509881019592,-0.027265794575214386,-0.00034422636963427067,0.19065620005130768
413,9,12,0.9908897876739502,0.17609164118766785,-0.00034422636963427067,0.1906585544347763
414,9,13,0.9905416369438171,0.43677088618278503,-0.00034422636963427067,0.19065266847610474
415,9,14,0.9897445440292358,-0.6544545888900757,-0.00034422636963427067,0.19065576791763306
416,9,15,0.990473747253418,0.379970520734787,-0.00034422636963427067,0.1906578540802002
417,9,16,0.9914640188217163,0.47379153966903687,-0.00034422636963427067,0.19065961241722107
418,9,17,0.9915661215782166,-0.6192818284034729,-0.00034422636963427067,0.1906583458185196
419,9,18,0.9904749393463135,-0.49673283100128174,-0.00034422636963427067,0.19065777957439423
420,9,19,0.9909268617630005,-0.20655123889446259,-0.00034422636963427067,0.1906578540802002
421,9,20,0.9910886883735657,0.2633393406867981,-0.00034422636963427067,0.19066153466701508
422,9,21,0.990622878074646,-0.2321324497461319,-0.00034422636963427067,0.19066238403320312
423,9,22,0.9909838438034058,0.32555171847343445,-0.00034422636963427067,0.19066159427165985
424,9,23,0.9906693696975708,0.28973492980003357,-0.00034422636963427067,0.1906651258468628
425,9,24,0.9908514618873596,0.12373967468738556,-0.00034422636963427067,0.19066108763217926
426,9,25,0.9917892813682556,0.216504767537117,-0.00034422636963427067,0.1906617432832718
427,9,26,0.9900973439216614,-0.4490240216255188,-0.00034422636963427067,0.1906641125679016
428,9,27,0.9910411238670349,0.4196793735027313,-0.00034422636963427067,0.19067171216011047
429,9,28,0.9899484515190125,0.0203314870595932,-0.00034422636963427067,0.19067926704883575
430,9,29,0.9904981255531311,0.33788782358169556,-0.00034422636963427067,0.1906745433807373
431,9,30,0.9911630749702454,0.2685055136680603,-0.00034422636963427067,0.19067314267158508
432,9,31,0.9916616082191467,-0.5533257126808167,-0.00034422636963427067,0.190673828125
433,9,32,0.9903032183647156,0.23324398696422577,-0.00034422636963427067,0.19067884981632233
434,9,33,0.9907634854316711,0.18142758309841156,-0.00034422636963427067,0.19066999852657318
435,9,34,0.9896188974380493,-0.7634667754173279,-0.00034422636963427067,0.1906646490097046
436,9,35,0.9908777475357056,0.07157017290592194,-0.00034422636963427067,0.19066622853279114
437,9,36,0.9918932914733887,-0.3807389438152313,-0.00034422636963427067,0.19066834449768066
438,9,37,0.9900923371315002,-0.37974920868873596,-0.00034422636963427067,0.19066068530082703
439,9,38,0.9908018708229065,0.2890554964542389,-0.00034422636963427067,0.19066154956817627
440,9,39,0.9914252758026123,-0.28848204016685486,-0.00034422636963427067,0.19066230952739716
441,9,40,0.9905412793159485,0.5966125130653381,-0.00034422636963427067,0.19066454470157623
442,9,41,0.9909500479698181,-0.1736273467540741,-0.00034422636963427067,0.19066429138183594
443,9,42,0.9902674555778503,-0.3976718783378601,-0.00034422636963427067,0.19066298007965088
444,9,43,0.9903194904327393,-0.44781801104545593,-0.00034422636963427067,0.19066303968429565
445,9,44,0.9905029535293579,0.2841325104236603,-0.00034422636963427067,0.1906689703464508
446,9,45,0.990844190120697,0.33043259382247925,-0.00034422636963427067,0.1906660497188568
447,9,46,0.9891970753669739,0.6573466062545776,-0.00034422636963427067,0.1906619817018509
448,9,47,0.9909539222717285,-0.6364150643348694,-0.00034422636963427067,0.19066470861434937
449,9,48,0.9907748103141785,-0.4511580765247345,-0.00034422636963427067,0.19067132472991943
450,9,49,0.990743100643158,0.013514410704374313,-0.00034422636963427067,0.19066962599754333
451,10,0,0.9902575612068176,-0.05228138342499733,-0.006575461011379957,0.2277674376964569
452,10,1,0.9910067319869995,0.09442738443613052,-0.006575461011379957,0.22776693105697632
453,10,2,0.9906433820724487,-0.3239406943321228,-0.006575461011379957,0.22777360677719116
454,10,3,0.9911466836929321,-0.2557641267776489,-0.006575461011379957,0.22777637839317322
455,10,4,0.989587128162384,-0.3278704285621643,-0.006575461011379957,0.2277744710445404
456,10,5,0.9917999505996704,0.43243688344955444,-0.006575461011379957,0.2277778685092926
457,10,6,0.9907118082046509,0.3381212055683136,-0.006575461011379957,0.2277674823999405
458,10,7,0.9908563494682312,0.11964236944913864,-0.006575461011379957,0.22777986526489258
459,10,8,0.9902752637863159,-0.3809102773666382,-0.006575461011379957,0.22776782512664795
460,10,9,0.9916434288024902,-0.20390886068344116,-0.006575461011379957,0.22776874899864197
461,10,10,0.990712583065033,0.17985594272613525,-0.006575461011379957,0.2277696579694748
462,10,11,0.9908665418624878,-0.10005209594964981,-0.006575461011379957,0.22776922583580017
463,10,12,0.9900563359260559,0.9175894856452942,-0.006575461011379957,0.22777673602104187
464,10,13,0.990997850894928,-0.20642253756523132,-0.006575461011379957,0.2277725636959076
465,10,14,0.99109947681427,-0.23239557445049286,-0.006575461011379957,0.22777682542800903
466,10,15,0.9912402033805847,0.26094502210617065,-0.006575461011379957,0.22777637839317322
467,10,16,0.9899168610572815,0.4499584436416626,-0.006575461011379957,0.22776950895786285
468,10,17,0.9910993576049805,0.10845140367746353,-0.006575461011379957,0.22776880860328674
469,10,18,0.9896977543830872,-1.0,-0.006575461011379957,0.22776789963245392
470,10,19,0.9906405210494995,0.12611347436904907,-0.006575461011379957,0.22777453064918518
471,10,20,0.9902403354644775,-0.04365810006856918,-0.006575461011379957,0.22776761651039124
472,10,21,0.9897515773773193,-0.4599670469760895,-0.006575461011379957,0.22776487469673157
473,10,22,0.9906523823738098,-0.335050106048584,-0.006575461011379957,0.22777000069618225
474,10,23,0.9903116822242737,0.3579687476158142,-0.006575461011379957,0.22778037190437317
475,10,24,0.990379810333252,-0.714603841304779,-0.006575461011379957,0.22778022289276123
476,10,25,0.990781843662262,-0.6007742881774902,-0.006575461011379957,0.22776660323143005
477,10,26,0.9901382923126221,-0.19632364809513092,-0.006575461011379957,0.22777320444583893
478,10,27,0.9895908832550049,0.5988218188285828,-0.006575461011379957,0.22777464985847473
479,10,28,0.9903296232223511,-0.22531594336032867,-0.006575461011379957,0.227774977684021
480,10,29,0.9897685050964355,0.16310986876487732,-0.006575461011379957,0.22777168452739716
481,10,30,0.9901551008224487,-0.3483208119869232,-0.006575461011379957,0.22776257991790771
482,10,31,0.9912237524986267,-0.16256952285766602,-0.006575461011379957,0.22777092456817627
483,10,32,0.9908013939857483,0.6389963030815125,-0.006575461011379957,0.2277713418006897
484,10,33,0.9907029867172241,0.1596401184797287,-0.006575461011379957,0.22777613997459412
485,10,34,0.9899619221687317,-0.30393603444099426,-0.006575461011379957,0.22778412699699402
486,10,35,0.9899598956108093,0.3272515535354614,-0.006575461011379957,0.22777974605560303
487,10,36,0.9903539419174194,0.06046474725008011,-0.006575461011379957,0.22777466475963593
488,10,37,0.9898306727409363,-0.7379874587059021,-0.006575461011379957,0.22777095437049866
489,10,38,0.9904064536094666,0.6259638071060181,-0.006575461011379957,0.22776806354522705
490,10,39,0.9905458092689514,0.4479633867740631,-0.006575461011379957,0.2277681827545166
491,10,40,0.9918977618217468,-0.10088086873292923,-0.006575461011379957,0.22777408361434937
492,10,41,0.9914838671684265,0.7438655495643616,-0.006575461011379957,0.22777746617794037
493,10,42,0.9910433888435364,-0.48568809032440186,-0.006575461011379957,0.2277856171131134
494,10,43,0.99022376537323,0.4173796772956848,-0.006575461011379957,0.22777792811393738
495,10,44,0.9909592270851135,-0.23369741439819336,-0.006575461011379957,0.2277716100215912
496,10,45,0.9906628131866455,0.049673065543174744,-0.006575461011379957,0.2277684211730957
497,10,46,0.991129994392395,-0.37503793835639954,-0.006575461011379957,0.22778058052062988
498,10,47,0.9909927248954773,-0.301386296749115,-0.006575461011379957,0.22777962684631348
499,10,48,0.9903690218925476,-0.30955883860588074,-0.006575461011379957,0.22777824103832245
500,10,49,0.9904197454452515,-0.2785032093524933,-0.006575461011379957,0.22777453064918518
501,11,0,0.9902375340461731,0.9625990390777588,-0.0021813353523612022,0.269646555185318
502,11,1,0.9911772608757019,-0.5079445838928223,-0.0021813353523612022,0.2696356177330017
503,11,2,0.9904904365539551,0.08895330876111984,-0.0021813353523612022,0.26962119340896606
504,11,3,0.9905146360397339,0.19905106723308563,-0.0021813353523612022,0.2696271240711212
505,11,4,0.9902481436729431,-0.14190317690372467,-0.0021813353523612022,0.26962679624557495
506,11,5,0.9905798435211182,0.7001597285270691,-0.0021813353523612022,0.26963427662849426
507,11,6,0.9901133179664612,0.2541325092315674,-0.0021813353523612022,0.2696268558502197
508,11,7,0.9902750253677368,-0.6465661525726318,-0.0021813353523612022,0.26961982250213623
509,11,8,0.9902011752128601,-0.22627942264080048,-0.0021813353523612022,0.2696312963962555
510,11,9,0.990892231464386,0.3657662570476532,-0.0021813353523612022,0.269626259803772
511,11,10,0.9898591041564941,-0.4953850209712982,-0.0021813353523612022,0.2696407735347748
512,11,11,0.9906910061836243,0.1198970228433609,-0.0021813353523612022,0.2696453332901001
513,11,12,0.99028080701828,0.5778461694717407,-0.0021813353523612022,0.2696336805820465
514,11,13,0.9905834794044495,0.6203295588493347,-0.0021813353523612022,0.2696317732334137
515,11,14,0.9904519319534302,0.03167848289012909,-0.0021813353523612022,0.26963818073272705
516,11,15,0.9901461601257324,-0.5339356660842896,-0.0021813353523612022,0.26964277029037476
517,11,16,0.9908232688903809,-0.30154669284820557,-0.0021813353523612022,0.26964226365089417
518,11,17,0.9907128214836121,0.2518823742866516,-0.0021813353523612022,0.2696312963962555
519,11,18,0.9894840121269226,0.010055916383862495,-0.0021813353523612022,0.26963672041893005
520,11,19,0.9907217621803284,0.6054520606994629,-0.0021813353523612022,0.2696373462677002
521,11,20,0.9904314279556274,-0.10641995817422867,-0.0021813353523612022,0.2696373760700226
522,11,21,0.9897983074188232,-0.21018144488334656,-0.0021813353523612022,0.26962706446647644
523,11,22,0.9902300834655762,-0.4002685844898224,-0.0021813353523612022,0.26962706446647644
524,11,23,0.9902876019477844,0.15346525609493256,-0.0021813353523612022,0.26963189244270325
525,11,24,0.9904833436012268,0.4585331976413727,-0.0021813353523612022,0.2696307897567749
526,11,25,0.9901970028877258,-0.22010056674480438,-0.0021813353523612022,0.2696269452571869
527,11,26,0.9900103211402893,0.17418746650218964,-0.0021813353523612022,0.2696271240711212
528,11,27,0.989856481552124,-0.11685226857662201,-0.0021813353523612022,0.26962780952453613
529,11,28,0.9901893734931946,0.004245061427354813,-0.0021813353523612022,0.26961660385131836
530,11,29,0.9904611110687256,0.37494492530822754,-0.0021813353523612022,0.26960861682891846
531,11,30,0.9907734394073486,-0.3773268759250641,-0.0021813353523612022,0.2696113586425781
532,11,31,0.9905954599380493,-0.6574671268463135,-0.0021813353523612022,0.2696142792701721
533,11,32,0.9903596043586731,-0.33854594826698303,-0.0021813353523612022,0.2696152925491333
534,11,33,0.9900749921798706,0.0486527681350708,-0.0021813353523612022,0.2696168124675751
535,11,34,0.9903885722160339,0.20997656881809235,-0.0021813353523612022,0.2696317136287689
536,11,35,0.9904102087020874,-0.33408111333847046,-0.0021813353523612022,0.26964107155799866
537,11,36,0.9907028675079346,-0.0969507023692131,-0.0021813353523612022,0.2696351110935211
538,11,37,0.9910596013069153,-0.07773387432098389,-0.0021813353523612022,0.26962655782699585
539,11,38,0.9910761117935181,0.11648634821176529,-0.0021813353523612022,0.26962435245513916
540,11,39,0.9913681149482727,0.6218875050544739,-0.0021813353523612022,0.26962578296661377
541,11,40,0.9899768233299255,0.3685254454612732,-0.0021813353523612022,0.26962733268737793
542,11,41,0.9912123680114746,0.1467496156692505,-0.0021813353523612022,0.2696148753166199
543,11,42,0.9902456998825073,0.7228778004646301,-0.0021813353523612022,0.26961368322372437
544,11,43,0.9902440309524536,-0.06611054390668869,-0.0021813353523612022,0.26960891485214233
545,11,44,0.9912450313568115,0.20044980943202972,-0.0021813353523612022,0.26961269974708557
546,11,45,0.9898703098297119,-0.931033194065094,-0.0021813353523612022,0.26960963010787964
547,11,46,0.990860641002655,0.3060929775238037,-0.0021813353523612022,0.2696024179458618
548,11,47,0.9905889630317688,-0.1541346162557602,-0.0021813353523612022,0.2696024477481842
549,11,48,0.9896617531776428,-0.16313768923282623,-0.0021813353523612022,0.2696017622947693
550,11,49,0.9908879399299622,0.15151603519916534,-0.0021813353523612022,0.2696021795272827
551,12,0,0.9909493327140808,0.10569431632757187,0.005386587232351303,0.31694331765174866
552,12,1,0.9906933307647705,0.1698751002550125,0.005386587232351303,0.3169404864311218
553,12,2,0.9905875325202942,-0.31618329882621765,0.005386587232351303,0.3169437646865845
554,12,3,0.9899827241897583,-0.4501047432422638,0.005386587232351303,0.31695184111595154
555,12,4,0.991011917591095,-0.025964945554733276,0.005386587232351303,0.316947340965271
556,12,5,0.9902119636535645,0.0757184624671936,0.005386587232351303,0.3169487714767456
557,12,6,0.9899161458015442,0.3984992802143097,0.005386587232351303,0.3169507086277008
558,12,7,0.990531861782074,-0.04727209731936455,0.005386587232351303,0.3169606924057007
559,12,8,0.9905020594596863,0.8007948398590088,0.005386587232351303,0.3169490694999695
560,12,9,0.9901262521743774,-0.42423731088638306,0.005386587232351303,0.3169545531272888
561,12,10,0.9908868074417114,-0.37435582280158997,0.005386587232351303,0.316949725151062
562,12,11,0.9910029768943787,-0.06026327237486839,0.005386587232351303,0.3169558644294739
563,12,12,0.9898895621299744,0.2798013389110565,0.005386587232351303,0.3169550895690918
564,12,13,0.9912963509559631,0.23712095618247986,0.005386587232351303,0.3169548809528351
565,12,14,0.9911770224571228,0.24996152520179749,0.005386587232351303,0.3169565200805664
566,12,15,0.9895452857017517,0.5496378540992737,0.005386587232351303,0.3169775605201721
567,12,16,0.9897027015686035,0.2268884927034378,0.005386587232351303,0.31696733832359314
568,12,17,0.990516185760498,0.1842295378446579,0.005386587232351303,0.31696391105651855
569,12,18,0.990856945514679,0.12822499871253967,0.005386587232351303,0.3169713020324707
570,12,19,0.991334080696106,-0.26617732644081116,0.005386587232351303,0.31697505712509155
571,12,20,0.9905499219894409,0.19229917228221893,0.005386587232351303,0.3169689476490021
572,12,21,0.9899774193763733,0.25666940212249756,0.005386587232351303,0.3169689178466797
573,12,22,0.9909760355949402,0.5791617631912231,0.005386587232351303,0.31697171926498413
574,12,23,0.9907119274139404,-0.8758338689804077,0.005386587232351303,0.31697043776512146
575,12,24,0.9909369945526123,-0.1782575249671936,0.005386587232351303,0.3169596791267395
576,12,25,0.9906946420669556,-0.47310954332351685,0.005386587232351303,0.3169516921043396
577,12,26,0.9915828108787537,-0.004964267835021019,0.005386587232351303,0.31695371866226196
578,12,27,0.9898043870925903,0.2567268908023834,0.005386587232351303,0.31695985794067383
579,12,28,0.9904739856719971,0.6364955306053162,0.005386587232351303,0.3169618844985962
580,12,29,0.990664005279541,-0.09870602190494537,0.005386587232351303,0.3169572353363037
581,12,30,0.9903914928436279,-0.09185273200273514,0.005386587232351303,0.3169492185115814
582,12,31,0.9906064867973328,0.19823864102363586,0.005386587232351303,0.3169606924057007
583,12,32,0.990101158618927,0.013651019893586636,0.005386587232351303,0.3169558048248291
584,12,33,0.9908308982849121,-0.035119421780109406,0.005386587232351303,0.31695371866226196
585,12,34,0.9906534552574158,-0.27968528866767883,0.005386587232351303,0.31694695353507996
586,12,35,0.9908515214920044,0.05395052954554558,0.005386587232351303,0.31694918870925903
587,12,36,0.9912277460098267,0.32852140069007874,0.005386587232351303,0.31695082783699036
588,12,37,0.9906598925590515,0.6299273371696472,0.005386587232351303,0.3169575333595276
589,12,38,0.9914455413818359,-0.06296292692422867,0.005386587232351303,0.3169582486152649
590,12,39,0.9906579852104187,-0.0952969416975975,0.005386587232351303,0.31696245074272156
591,12,40,0.9902772307395935,0.27886995673179626,0.005386587232351303,0.31695693731307983
592,12,41,0.9899480938911438,0.330903023481369,0.005386587232351303,0.31695812940597534
593,12,42,0.9901226162910461,-0.2821396589279175,0.005386587232351303,0.3169620931148529
594,12,43,0.9903681874275208,-0.11685121804475784,0.005386587232351303,0.316954106092453
595,12,44,0.9909093976020813,0.16018734872341156,0.005386587232351303,0.3169516921043396
596,12,45,0.9909241795539856,0.4155087471008301,0.005386587232351303,0.31696051359176636
597,12,46,0.9907616376876831,0.4639052748680115,0.005386587232351303,0.31696343421936035
598,12,47,0.9900305867195129,0.5328966975212097,0.005386587232351303,0.3169648051261902
599,12,48,0.9912654161453247,-0.229090616106987,0.005386587232351303,0.3169620633125305
600,12,49,0.9898681044578552,-0.3108305335044861,0.005386587232351303,0.31696435809135437
601,13,0,0.9907733201980591,-0.4791002869606018,0.012859788723289967,0.37037813663482666
602,13,1,0.9910765886306763,-0.15417684614658356,0.012859788723289967,0.3703650236129761
603,13,2,0.990422785282135,0.1539713442325592,0.012859788723289967,0.3703680634498596
604,13,3,0.9896556735038757,-0.5125831961631775,0.012859788723289967,0.37036359310150146
605,13,4,0.9909768104553223,-0.6049016714096069,0.012859788723289967,0.3703688979148865
606,13,5,0.9915497303009033,0.12010625749826431,0.012859788723289967,0.3703661561012268
607,13,6,0.9902083873748779,-0.4866010546684265,0.012859788723289967,0.37035393714904785
608,13,7,0.9898048043251038,0.522395670413971,0.012859788723289967,0.3703620433807373
609,13,8,0.9904834032058716,-0.6229239702224731,0.012859788723289967,0.37036043405532837
610,13,9,0.9908406734466553,-0.24956494569778442,0.012859788723289967,0.37036100029945374
611,13,10,0.9906215667724609,-0.19036084413528442,0.012859788723289967,0.37036389112472534
612,13,11,0.9907694458961487,-0.5561622381210327,0.012859788723289967,0.37036535143852234
613,13,12,0.9911081790924072,-0.5204034447669983,0.012859788723289967,0.3703685402870178
614,13,13,0.9898802638053894,-0.08397457003593445,0.012859788723289967,0.37036436796188354
615,13,14,0.9908233880996704,-0.12765154242515564,0.012859788723289967,0.3703707456588745
616,13,15,0.9904670715332031,0.3489520847797394,0.012859788723289967,0.3703688383102417
617,13,16,0.9905774593353271,0.14280833303928375,0.012859788723289967,0.3703625202178955
618,13,17,0.9914106130599976,-1.0,0.012859788723289967,0.37036311626434326
619,13,18,0.990435779094696,0.32037410140037537,0.012859788723289967,0.370352566242218
620,13,19,0.9901549220085144,-0.21185818314552307,0.012859788723289967,0.3703629970550537
621,13,20,0.9902263879776001,0.38875678181648254,0.012859788723289967,0.3703674376010895
622,13,21,0.9909318685531616,0.17869505286216736,0.012859788723289967,0.37035882472991943
623,13,22,0.9906094074249268,-0.0032703280448913574,0.012859788723289967,0.3703588843345642
624,13,23,0.9902903437614441,0.3159731924533844,0.012859788723289967,0.37036898732185364
625,13,24,0.9903236031532288,-0.10593201220035553,0.012859788723289967,0.37036582827568054
626,13,25,0.991034746170044,-0.24627594649791718,0.012859788723289967,0.3703654408454895
627,13,26,0.9899553060531616,0.5772399306297302,0.012859788723289967,0.37036657333374023
628,13,27,0.9913975596427917,-0.5264104008674622,0.012859788723289967,0.37036293745040894
629,13,28,0.9904451966285706,0.2582899332046509,0.012859788723289967,0.370373010635376
630,13,29,0.9905669093132019,-0.4551101326942444,0.012859788723289967,0.3703768849372864
631,13,30,0.9908456206321716,0.4411505162715912,0.012859788723289967,0.3703763484954834
632,13,31,0.9905872344970703,0.6311689615249634,0.012859788723289967,0.3703879714012146
633,13,32,0.9906598925590515,0.2272087186574936,0.012859788723289967,0.37037134170532227
634,13,33,0.9912216663360596,0.30981534719467163,0.012859788723289967,0.3703705072402954
635,13,34,0.9897643327713013,-0.21083027124404907,0.012859788723289967,0.3703753650188446
636,13,35,0.9908047318458557,0.3910468816757202,0.012859788723289967,0.3703705072402954
637,13,36,0.9906732439994812,0.3821718692779541,0.012859788723289967,0.37036824226379395
638,13,37,0.9901685118675232,-0.13149870932102203,0.012859788723289967,0.3703758120536804
639,13,38,0.9912732243537903,-0.038755159825086594,0.012859788723289967,0.37037593126296997
640,13,39,0.9907140135765076,0.740913987159729,0.012859788723289967,0.3703727722167969
641,13,40,0.9907544255256653,0.2865909934043884,0.012859788723289967,0.37035757303237915
642,13,41,0.9910287857055664,-0.3210962116718292,0.012859788723289967,0.37037283182144165
643,13,42,0.990153431892395,0.06441207230091095,0.012859788723289967,0.3703652024269104
644,13,43,0.9901836514472961,-0.08657113462686539,0.012859788723289967,0.37038397789001465
645,13,44,0.9902355670928955,0.48404788970947266,0.012859788723289967,0.3703977167606354
646,13,45,0.9910985231399536,0.500737726688385,0.012859788723289967,0.3703885078430176
647,13,46,0.9899192452430725,-0.31779158115386963,0.012859788723289967,0.3703882694244385
648,13,47,0.9911437034606934,0.040695205330848694,0.012859788723289967,0.3703928291797638
649,13,48,0.9899299144744873,-0.38625606894493103,0.012859788723289967,0.3703939914703369
650,13,49,0.9907475709915161,0.3914767801761627,0.012859788723289967,0.37039387226104736
651,14,0,0.9905723929405212,-0.37269750237464905,0.016703613102436066,0.43015244603157043
652,14,1,0.9911389946937561,0.03541082888841629,0.016703613102436066,0.43014270067214966
653,14,2,0.9905858039855957,-0.2924610674381256,0.016703613102436066,0.43015801906585693
654,14,3,0.9912341237068176,-0.2716875374317169,0.016703613102436066,0.43015819787979126
655,14,4,0.990263819694519,0.038051631301641464,0.016703613102436066,0.4301447868347168
656,14,5,0.9898192286491394,-0.1762886941432953,0.016703613102436066,0.4301415681838989
657,14,6,0.9906109571456909,-0.4875369369983673,0.016703613102436066,0.4301539957523346
658,14,7,0.9902632832527161,0.5856335163116455,0.016703613102436066,0.4301563501358032
659,14,8,0.9904245734214783,0.2498885691165924,0.016703613102436066,0.43014782667160034
660,14,9,0.9904018044471741,0.5784586071968079,0.016703613102436066,0.43015414476394653
661,14,10,0.9903203845024109,-0.21374213695526123,0.016703613102436066,0.43015384674072266
662,14,11,0.9909343719482422,-0.38236016035079956,0.016703613102436066,0.43015629053115845
663,14,12,0.9902502298355103,0.7737200856208801,0.016703613102436066,0.4301591217517853
664,14,13,0.9902054071426392,0.5883055329322815,0.016703613102436066,0.4301722049713135
665,14,14,0.9904078245162964,-0.2090481072664261,0.016703613102436066,0.4301661550998688
666,14,15,0.9905164837837219,0.5374579429626465,0.016703613102436066,0.4301528334617615
667,14,16,0.9907132387161255,0.3127889037132263,0.016703613102436066,0.4301471710205078
668,14,17,0.9901545643806458,0.04729311168193817,0.016703613102436066,0.43015027046203613
669,14,18,0.9909287691116333,0.026177886873483658,0.016703613102436066,0.43015772104263306
670,14,19,0.990867018699646,0.2571558356285095,0.016703613102436066,0.4301673173904419
671,14,20,0.9909552931785583,-0.07356630265712738,0.016703613102436066,0.4301523268222809
672,14,21,0.9908105731010437,-0.13817185163497925,0.016703613102436066,0.43016862869262695
673,14,22,0.9900193810462952,0.4476049840450287,0.016703613102436066,0.4301752746105194
674,14,23,0.9903565049171448,-0.05055338516831398,0.016703613102436066,0.4301574230194092
675,14,24,0.9903544187545776,0.22693327069282532,0.016703613102436066,0.43016719818115234
676,14,25,0.9919934272766113,-0.20455127954483032,0.016703613102436066,0.4301556944847107
677,14,26,0.9908846020698547,-0.8977526426315308,0.016703613102436066,0.4301602244377136
678,14,27,0.9911208152770996,0.3216569721698761,0.016703613102436066,0.43015676736831665
679,14,28,0.9907053709030151,0.13547462224960327,0.016703613102436066,0.4301741123199463
680,14,29,0.9897782802581787,0.25392162799835205,0.016703613102436066,0.43015819787979126
681,14,30,0.99041348695755,0.25050556659698486,0.016703613102436066,0.4301559329032898
682,14,31,0.9907316565513611,0.4153492748737335,0.016703613102436066,0.43015965819358826
683,14,32,0.9906231760978699,0.21001200377941132,0.016703613102436066,0.4301484525203705
684,14,33,0.9902452826499939,-0.5045811533927917,0.016703613102436066,0.4301503896713257
685,14,34,0.9903262257575989,-0.36172303557395935,0.016703613102436066,0.43014514446258545
686,14,35,0.9908848404884338,0.07496612519025803,0.016703613102436066,0.43013590574264526
687,14,36,0.9920054078102112,0.4313695430755615,0.016703613102436066,0.43016305565834045
688,14,37,0.9907130599021912,-0.011090552434325218,0.016703613102436066,0.4301639199256897
689,14,38,0.9902119040489197,-0.16533857583999634,0.016703613102436066,0.4301716089248657
690,14,39,0.9898843765258789,0.36987778544425964,0.016703613102436066,0.4301598072052002
691,14,40,0.990010142326355,0.37477907538414,0.016703613102436066,0.43017083406448364
692,14,41,0.9900805354118347,0.4189748167991638,0.016703613102436066,0.43015745282173157
693,14,42,0.9907785058021545,0.13726113736629486,0.016703613102436066,0.4301484227180481
694,14,43,0.9916431307792664,-0.0021433387883007526,0.016703613102436066,0.4301528334617615
695,14,44,0.9905825853347778,0.004493375774472952,0.016703613102436066,0.43015748262405396
696,14,45,0.990089476108551,-0.38201358914375305,0.016703613102436066,0.43016594648361206
697,14,46,0.9905723333358765,-0.15757955610752106,0.016703613102436066,0.43016576766967773
698,14,47,0.9910324811935425,0.5068464279174805,0.016703613102436066,0.43016189336776733
699,14,48,0.9903448224067688,0.269730806350708,0.016703613102436066,0.4301464259624481
700,14,49,0.9904634952545166,0.7302849292755127,0.016703613102436066,0.43015164136886597
701,15,0,0.990811288356781,0.17580200731754303,0.01127614639699459,0.49578848481178284
702,15,1,0.9907291531562805,-0.39558205008506775,0.01127614639699459,0.49578556418418884
703,15,2,0.9901988506317139,-0.3302907943725586,0.01127614639699459,0.4957757890224457
704,15,3,0.9909260272979736,0.3731133043766022,0.01127614639699459,0.49577194452285767
705,15,4,0.991225004196167,-0.4267062544822693,0.01127614639699459,0.4957801103591919
706,15,5,0.9908374547958374,-0.3312496244907379,0.01127614639699459,0.4957828223705292
707,15,6,0.9900720715522766,-0.17388339340686798,0.01127614639699459,0.4958062171936035
708,15,7,0.9907616376876831,-0.4778558611869812,0.01127614639699459,0.4957858622074127
709,15,8,0.9908017516136169,-0.11167801916599274,0.01127614639699459,0.4957844316959381
710,15,9,0.9903774261474609,0.5344609618186951,0.01127614639699459,0.4957922399044037
711,15,10,0.9905659556388855,-0.16053366661071777,0.01127614639699459,0.4957725405693054
712,15,11,0.9902796149253845,0.3698327839374542,0.01127614639699459,0.49575555324554443
713,15,12,0.9898006916046143,-0.09437811374664307,0.01127614639699459,0.49576085805892944
714,15,13,0.9905252456665039,-0.23306335508823395,0.01127614639699459,0.49575284123420715
715,15,14,0.9904589056968689,0.41622570157051086,0.01127614639699459,0.4957702159881592
716,15,15,0.9904771447181702,0.2741239666938782,0.01127614639699459,0.49576130509376526
717,15,16,0.9910844564437866,-0.04525378718972206,0.01127614639699459,0.4957653880119324
718,15,17,0.9902426600456238,0.06670424342155457,0.01127614639699459,0.49576646089553833
719,15,18,0.9904392957687378,-0.4888167381286621,0.01127614639699459,0.4957484304904938
720,15,19,0.9914596676826477,0.3448140621185303,0.01127614639699459,0.49578654766082764
721,15,20,0.9905969500541687,-0.14838379621505737,0.01127614639699459,0.4957851469516754
722,15,21,0.9904502034187317,0.24308878183364868,0.01127614639699459,0.49579572677612305
723,15,22,0.9900413751602173,-0.04621497914195061,0.01127614639699459,0.49579498171806335
724,15,23,0.9909730553627014,0.2622838318347931,0.01127614639699459,0.49578380584716797
725,15,24,0.9908214211463928,-0.42235901951789856,0.01127614639699459,0.49576637148857117
726,15,25,0.9904314279556274,0.06502068787813187,0.01127614639699459,0.4957694411277771
727,15,26,0.9902953505516052,-0.01099367719143629,0.01127614639699459,0.4957820773124695
728,15,27,0.990795910358429,-0.568487286567688,0.01127614639699459,0.4958007037639618
729,15,28,0.9903812408447266,0.6677783131599426,0.01127614639699459,0.495791494846344
730,15,29,0.9902126789093018,-0.49220705032348633,0.01127614639699459,0.4957842230796814
731,15,30,0.9902619123458862,0.2471698671579361,0.01127614639699459,0.4958134591579437
732,15,31,0.9907516837120056,0.07447269558906555,0.01127614639699459,0.49580124020576477
733,15,32,0.990366518497467,0.5073041319847107,0.01127614639699459,0.49580496549606323
734,15,33,0.9905786514282227,0.2762671113014221,0.01127614639699459,0.49580180644989014
735,15,34,0.9902481436729431,0.20415470004081726,0.01127614639699459,0.4958038330078125
736,15,35,0.990811288356781,-0.16327978670597076,0.01127614639699459,0.4958003759384155
737,15,36,0.9913297891616821,-0.12323325127363205,0.01127614639699459,0.49579310417175293
738,15,37,0.9906178116798401,-0.13625593483448029,0.01127614639699459,0.49579450488090515
739,15,38,0.9899066686630249,0.06667409092187881,0.01127614639699459,0.49581238627433777
740,15,39,0.9914706349372864,0.7917561531066895,0.01127614639699459,0.49579620361328125
741,15,40,0.9907276630401611,0.009214956313371658,0.01127614639699459,0.49578866362571716
742,15,41,0.9899031519889832,0.24695155024528503,0.01127614639699459,0.4957640469074249
743,15,42,0.990254282951355,0.8989061117172241,0.01127614639699459,0.4957715570926666
744,15,43,0.9899819493293762,-0.2610853612422943,0.01127614639699459,0.4957713782787323
745,15,44,0.9903358817100525,0.25791001319885254,0.01127614639699459,0.49577295780181885
746,15,45,0.9895820617675781,-0.27459123730659485,0.01127614639699459,0.4957861304283142
747,15,46,0.9907383322715759,0.38188761472702026,0.01127614639699459,0.49580132961273193
748,15,47,0.9909352660179138,-0.5086681246757507,0.01127614639699459,0.49578091502189636
749,15,48,0.9906219840049744,0.4664633572101593,0.01127614639699459,0.4958045780658722
750,15,49,0.9900148510932922,-0.07941043376922607,0.01127614639699459,0.49580520391464233
751,16,0,0.9903278946876526,0.36918702721595764,0.003973665647208691,0.5682768225669861
752,16,1,0.990754246711731,-0.0072584450244903564,0.003973665647208691,0.5682949423789978
753,16,2,0.9905067682266235,-0.4046493470668793,0.003973665647208691,0.5682794451713562
754,16,3,0.9905285239219666,-0.4121299684047699,0.003973665647208691,0.5682818293571472
755,16,4,0.9902064800262451,-0.143101304769516,0.003973665647208691,0.5682814121246338
756,16,5,0.990700364112854,-0.4381764233112335,0.003973665647208691,0.5682836174964905
757,16,6,0.9908554553985596,0.2353329360485077,0.003973665647208691,0.568310022354126
758,16,7,0.9910094141960144,-0.29713794589042664,0.003973665647208691,0.5683039426803589
759,16,8,0.9903882145881653,-0.10468067973852158,0.003973665647208691,0.5683311223983765
760,16,9,0.9903697371482849,0.2966224253177643,0.003973665647208691,0.56833815574646
761,16,10,0.9913142919540405,-1.0,0.003973665647208691,0.5683018565177917
762,16,11,0.9906272888183594,0.1024077832698822,0.003973665647208691,0.5683256983757019
763,16,12,0.9910510778427124,0.4873753488063812,0.003973665647208691,0.5683515667915344
764,16,13,0.9902898073196411,-0.39560049772262573,0.003973665647208691,0.5683330297470093
765,16,14,0.9899413585662842,0.12636452913284302,0.003973665647208691,0.5683232545852661
766,16,15,0.9910717606544495,0.5873597264289856,0.003973665647208691,0.5683207511901855
767,16,16,0.9904370903968811,0.2722227871417999,0.003973665647208691,0.5683372616767883
768,16,17,0.9910920858383179,-0.20902912318706512,0.003973665647208691,0.5683649778366089
769,16,18,0.9905809164047241,0.44357767701148987,0.003973665647208691,0.5683531165122986
770,16,19,0.9898776412010193,-0.2501189410686493,0.003973665647208691,0.5683451294898987
771,16,20,0.9895474910736084,0.12811854481697083,0.003973665647208691,0.5683398842811584
772,16,21,0.9909529089927673,0.9480528831481934,0.003973665647208691,0.5683488249778748
773,16,22,0.9900954365730286,0.048902515321969986,0.003973665647208691,0.5683448314666748
774,16,23,0.9912543296813965,-0.26632529497146606,0.003973665647208691,0.5683240294456482
775,16,24,0.9907357096672058,-0.39120975136756897,0.003973665647208691,0.5683189630508423
776,16,25,0.9912236928939819,0.11453484743833542,0.003973665647208691,0.5683391690254211
777,16,26,0.9898666143417358,-0.17055250704288483,0.003973665647208691,0.5683480501174927
778,16,27,0.9910451769828796,-0.08844627439975739,0.003973665647208691,0.5683518052101135
779,16,28,0.9901497960090637,0.11584562063217163,0.003973665647208691,0.5683606863021851
780,16,29,0.990422785282135,-0.8564350008964539,0.003973665647208691,0.5683492422103882
781,16,30,0.9915453195571899,-0.40206265449523926,0.003973665647208691,0.5683494806289673
782,16,31,0.9907248616218567,-0.40517646074295044,0.003973665647208691,0.5683531165122986
783,16,32,0.9896910786628723,-0.8122870922088623,0.003973665647208691,0.5683466196060181
784,16,33,0.991355299949646,-0.3434307873249054,0.003973665647208691,0.5683508515357971
785,16,34,0.9904497265815735,-0.16551265120506287,0.003973665647208691,0.5683525800704956
786,16,35,0.9908151030540466,0.1400468945503235,0.003973665647208691,0.5683352947235107
787,16,36,0.9925005435943604,0.2754948139190674,0.003973665647208691,0.5683515071868896
788,16,37,0.9905033111572266,-0.1933661848306656,0.003973665647208691,0.568350076675415
789,16,38,0.991229236125946,0.08196533471345901,0.003973665647208691,0.5683496594429016
790,16,39,0.9899150133132935,-0.3857495188713074,0.003973665647208691,0.5683527588844299
791,16,40,0.9904581904411316,0.2552497684955597,0.003973665647208691,0.5683403611183167
792,16,41,0.9902803301811218,-0.572795569896698,0.003973665647208691,0.5683563351631165
793,16,42,0.9902253150939941,-0.06795257329940796,0.003973665647208691,0.5683525800704956
794,16,43,0.9912526607513428,0.1983150839805603,0.003973665647208691,0.5683780908584595
795,16,44,0.9904283285140991,-0.6189200282096863,0.003973665647208691,0.5683589577674866
796,16,45,0.990713894367218,-0.2197442501783371,0.003973665647208691,0.5683432817459106
797,16,46,0.990551233291626,0.38453468680381775,0.003973665647208691,0.568350613117218
798,16,47,0.990302562713623,0.3016606569290161,0.003973665647208691,0.5683483481407166
799,16,48,0.990810215473175,-0.4708712100982666,0.003973665647208691,0.568364679813385
800,16,49,0.9900367856025696,0.4231955111026764,0.003973665647208691,0.5683603882789612
801,17,0,0.9908018708229065,0.0773341953754425,-0.003977558575570583,0.6481542587280273
802,17,1,0.9903286099433899,-0.28123295307159424,-0.003977558575570583,0.648129940032959
803,17,2,0.9903267025947571,0.0543796569108963,-0.003977558575570583,0.648130476474762
804,17,3,0.9909048080444336,-0.1759345531463623,-0.003977558575570583,0.6481399536132812
805,17,4,0.9909406900405884,-0.49860042333602905,-0.003977558575570583,0.6481413245201111
806,17,5,0.9918150305747986,-0.0014620492001995444,-0.003977558575570583,0.6481299996376038
807,17,6,0.9899476766586304,0.35038110613822937,-0.003977558575570583,0.6481246948242188
808,17,7,0.9905081391334534,-0.010955995880067348,-0.003977558575570583,0.6481330394744873
809,17,8,0.9898278713226318,0.8463562726974487,-0.003977558575570583,0.6481320261955261
810,17,9,0.99094557762146,0.0905994400382042,-0.003977558575570583,0.6481406092643738
811,17,10,0.9897354245185852,0.2995477318763733,-0.003977558575570583,0.648172914981842
812,17,11,0.9901553392410278,0.28371888399124146,-0.003977558575570583,0.6481552124023438
813,17,12,0.9909234642982483,-0.023926343768835068,-0.003977558575570583,0.6481606960296631
814,17,13,0.9906938076019287,0.15101779997348785,-0.003977558575570583,0.6481355428695679
815,17,14,0.9900839924812317,0.3438316881656647,-0.003977558575570583,0.6481534838676453
816,17,15,0.9906466603279114,-0.5917932391166687,-0.003977558575570583,0.6481614112854004
817,17,16,0.9895172119140625,0.04771072790026665,-0.003977558575570583,0.6481843590736389
818,17,17,0.9899090528488159,-0.1333547830581665,-0.003977558575570583,0.6481612324714661
819,17,18,0.9909192323684692,0.3347233533859253,-0.003977558575570583,0.6481798887252808
820,17,19,0.9904285669326782,-0.24658621847629547,-0.003977558575570583,0.6481867432594299
821,17,20,0.990912139415741,-0.2760438024997711,-0.003977558575570583,0.6481364965438843
822,17,21,0.9911404252052307,-0.014749878086149693,-0.003977558575570583,0.6481329798698425
823,17,22,0.9905856251716614,0.2857248783111572,-0.003977558575570583,0.6481516361236572
824,17,23,0.9909727573394775,0.24747563898563385,-0.003977558575570583,0.6481587886810303
825,17,24,0.9908611178398132,-0.1548825353384018,-0.003977558575570583,0.6481631398200989
826,17,25,0.9904940128326416,-0.4574930965900421,-0.003977558575570583,0.6481660008430481
827,17,26,0.9898711442947388,0.03501632437109947,-0.003977558575570583,0.6481685042381287
828,17,27,0.9906090497970581,-0.28224483132362366,-0.003977558575570583,0.6481682658195496
829,17,28,0.9905639886856079,0.8448992967605591,-0.003977558575570583,0.6481672525405884
830,17,29,0.9900550246238708,0.6015193462371826,-0.003977558575570583,0.6481812596321106
831,17,30,0.9904756546020508,0.3639855682849884,-0.003977558575570583,0.6481457948684692
832,17,31,0.990915834903717,0.5708611607551575,-0.003977558575570583,0.6481539607048035
833,17,32,0.9895682334899902,-0.11356037855148315,-0.003977558575570583,0.6481735110282898
834,17,33,0.9906368255615234,-0.8051822185516357,-0.003977558575570583,0.648149311542511
835,17,34,0.9902195930480957,-0.1592535376548767,-0.003977558575570583,0.6481499075889587
836,17,35,0.9908952713012695,-0.6471903920173645,-0.003977558575570583,0.6481804251670837
837,17,36,0.9897859692573547,0.31015390157699585,-0.003977558575570583,0.6481914520263672
838,17,37,0.9904676675796509,0.1211322546005249,-0.003977558575570583,0.6481940746307373
839,17,38,0.990084171295166,0.61148601770401,-0.003977558575570583,0.6481770873069763
840,17,39,0.9897205829620361,-0.3393343985080719,-0.003977558575570583,0.6481600999832153
841,17,40,0.9907106757164001,0.04763031005859375,-0.003977558575570583,0.6481807827949524
842,17,41,0.9905864000320435,0.05422689765691757,-0.003977558575570583,0.6481835246086121
843,17,42,0.9904018044471741,-0.7110086679458618,-0.003977558575570583,0.6481820940971375
844,17,43,0.9907886981964111,-0.02118072286248207,-0.003977558575570583,0.648159921169281
845,17,44,0.9902535080909729,0.27387914061546326,-0.003977558575570583,0.6481617093086243
846,17,45,0.9904319047927856,0.4870457947254181,-0.003977558575570583,0.6481531858444214
847,17,46,0.9911626577377319,0.26469942927360535,-0.003977558575570583,0.6481465697288513
848,17,47,0.9913300275802612,0.3988335430622101,-0.003977558575570583,0.6481593251228333
849,17,48,0.9905579686164856,0.13477490842342377,-0.003977558575570583,0.6481361389160156
850,17,49,0.9903140068054199,-0.3222185969352722,-0.003977558575570583,0.6481392979621887
